{
  "generalization_score": {
    "simple_mtom": 1.1269301578921518,
    "bayesian_mtom": 1.0659458737152057
  },
  "robustness_index": {
    "simple_mtom": 0.8830941821311059,
    "bayesian_mtom": 0.8294249653925198
  },
  "adaptation_speed": {
    "simple_mtom": 0.013259041666666471,
    "bayesian_mtom": 0.02379802925846697
  },
  "cross_task_transfer": {
    "simple_mtom": 1.1362161244367082,
    "bayesian_mtom": 1.0670636925197183
  },
  "simple_baseline": {
    "best_lambda": 0.7,
    "mean_total_utility": 1.14732759375
  },
  "bayesian_combos": [
    {
      "lambda_social": 0.985,
      "prior_strength": 4.1,
      "mean_total_utility": 1.0831136646009667,
      "utility_std": 0.20358000036648102,
      "robustness_index": 0.8417863025391993,
      "adaptation_speed": -0.02299951155036073,
      "easy_mean": 1.088483341431149,
      "hard_mean": 1.0109871801135815,
      "hard_delta": -0.07749616131756754,
      "utility_gap_vs_simple": -0.06421392914903334,
      "is_pareto_utility_adapt": true,
      "is_pareto_utility_robust": false,
      "siq_score": 0.9129531037626112,
      "siq_components": {
        "social_alignment": 0.7830401730575622,
        "theory_of_mind_accuracy": 1.0,
        "cross_context_generalization": 1.0,
        "ethical_consistency": 0.8687722419928826
      }
    },
    {
      "lambda_social": 0.985,
      "prior_strength": 4.2,
      "mean_total_utility": 1.0785054396181086,
      "utility_std": 0.2023640705523549,
      "robustness_index": 0.8420161669709338,
      "adaptation_speed": -0.039247919833896416,
      "easy_mean": 1.0706970969709628,
      "hard_mean": 1.0295243623916255,
      "hard_delta": -0.041172734579337344,
      "utility_gap_vs_simple": -0.06882215413189141,
      "is_pareto_utility_adapt": false,
      "is_pareto_utility_robust": false,
      "siq_score": 0.9083082409829728,
      "siq_components": {
        "social_alignment": 0.7671977812525949,
        "theory_of_mind_accuracy": 1.0,
        "cross_context_generalization": 1.0,
        "ethical_consistency": 0.8660351826792964
      }
    },
    {
      "lambda_social": 0.985,
      "prior_strength": 4.3,
      "mean_total_utility": 1.0884942019273558,
      "utility_std": 0.1868947906991186,
      "robustness_index": 0.8534659868291119,
      "adaptation_speed": -0.0684825874564079,
      "easy_mean": 1.090389918673714,
      "hard_mean": 1.040435109910818,
      "hard_delta": -0.04995480876289604,
      "utility_gap_vs_simple": -0.05883339182264424,
      "is_pareto_utility_adapt": true,
      "is_pareto_utility_robust": true,
      "siq_score": 0.9108097386781127,
      "siq_components": {
        "social_alignment": 0.7708891313908957,
        "theory_of_mind_accuracy": 1.0,
        "cross_context_generalization": 1.0,
        "ethical_consistency": 0.8723498233215548
      }
    },
    {
      "lambda_social": 0.99,
      "prior_strength": 4.1,
      "mean_total_utility": 1.0655480717390777,
      "utility_std": 0.21868135044327228,
      "robustness_index": 0.8297239797879851,
      "adaptation_speed": 0.05595759944420231,
      "easy_mean": 1.0716362262968613,
      "hard_mean": 0.9919315178939018,
      "hard_delta": -0.07970470840295951,
      "utility_gap_vs_simple": -0.08177952201092231,
      "is_pareto_utility_adapt": true,
      "is_pareto_utility_robust": false,
      "siq_score": 0.913341682031908,
      "siq_components": {
        "social_alignment": 0.7908779995433222,
        "theory_of_mind_accuracy": 1.0,
        "cross_context_generalization": 1.0,
        "ethical_consistency": 0.8624887285843101
      }
    },
    {
      "lambda_social": 0.99,
      "prior_strength": 4.2,
      "mean_total_utility": 1.0485609167820795,
      "utility_std": 0.22601796882050826,
      "robustness_index": 0.822678767961843,
      "adaptation_speed": 0.08925392317973213,
      "easy_mean": 1.0410362308376926,
      "hard_mean": 1.0066821872880947,
      "hard_delta": -0.034354043549597924,
      "utility_gap_vs_simple": -0.09876667696792052,
      "is_pareto_utility_adapt": false,
      "is_pareto_utility_robust": false,
      "siq_score": 0.9086373958248644,
      "siq_components": {
        "social_alignment": 0.7752903240401982,
        "theory_of_mind_accuracy": 1.0,
        "cross_context_generalization": 1.0,
        "ethical_consistency": 0.8592592592592593
      }
    },
    {
      "lambda_social": 0.99,
      "prior_strength": 4.3,
      "mean_total_utility": 1.0625818479979476,
      "utility_std": 0.21111749170878416,
      "robustness_index": 0.8342545680792368,
      "adaptation_speed": 0.048099340217233166,
      "easy_mean": 1.0664499659437665,
      "hard_mean": 1.014366579951928,
      "hard_delta": -0.05208338599183859,
      "utility_gap_vs_simple": -0.0847457457520524,
      "is_pareto_utility_adapt": false,
      "is_pareto_utility_robust": false,
      "siq_score": 0.9106446656350015,
      "siq_components": {
        "social_alignment": 0.7780800175535558,
        "theory_of_mind_accuracy": 1.0,
        "cross_context_generalization": 1.0,
        "ethical_consistency": 0.8644986449864499
      }
    },
    {
      "lambda_social": 0.995,
      "prior_strength": 4.1,
      "mean_total_utility": 1.0675918120201857,
      "utility_std": 0.21879242765497295,
      "robustness_index": 0.8299228647061102,
      "adaptation_speed": 0.05346212417054175,
      "easy_mean": 1.073711163860433,
      "hard_mean": 0.9938554328395937,
      "hard_delta": -0.07985573102083943,
      "utility_gap_vs_simple": -0.07973578172981433,
      "is_pareto_utility_adapt": true,
      "is_pareto_utility_robust": false,
      "siq_score": 0.913424427327607,
      "siq_components": {
        "social_alignment": 0.7912089807261179,
        "theory_of_mind_accuracy": 1.0,
        "cross_context_generalization": 1.0,
        "ethical_consistency": 0.8624887285843101
      }
    },
    {
      "lambda_social": 0.995,
      "prior_strength": 4.2,
      "mean_total_utility": 1.0509621868224701,
      "utility_std": 0.22646935654654246,
      "robustness_index": 0.8227214047676453,
      "adaptation_speed": 0.08932240539556702,
      "easy_mean": 1.043300268514482,
      "hard_mean": 1.0090972309330501,
      "hard_delta": -0.03420303758143195,
      "utility_gap_vs_simple": -0.09636540692752993,
      "is_pareto_utility_adapt": true,
      "is_pareto_utility_robust": false,
      "siq_score": 0.9085965248757902,
      "siq_components": {
        "social_alignment": 0.7755898032068648,
        "theory_of_mind_accuracy": 1.0,
        "cross_context_generalization": 1.0,
        "ethical_consistency": 0.8587962962962963
      }
    },
    {
      "lambda_social": 0.995,
      "prior_strength": 4.3,
      "mean_total_utility": 1.0654509470417999,
      "utility_std": 0.21130105137890592,
      "robustness_index": 0.8345070944351494,
      "adaptation_speed": 0.049091826125520655,
      "easy_mean": 1.0693142293755449,
      "hard_mean": 1.017111443159389,
      "hard_delta": -0.052202786216155816,
      "utility_gap_vs_simple": -0.08187664670820016,
      "is_pareto_utility_adapt": false,
      "is_pareto_utility_robust": false,
      "siq_score": 0.9100701010173375,
      "siq_components": {
        "social_alignment": 0.7780401149997924,
        "theory_of_mind_accuracy": 1.0,
        "cross_context_generalization": 1.0,
        "ethical_consistency": 0.8622402890695574
      }
    },
    {
      "lambda_social": 1.0,
      "prior_strength": 4.1,
      "mean_total_utility": 1.0508770592290881,
      "utility_std": 0.23765321909576606,
      "robustness_index": 0.8155690941294649,
      "adaptation_speed": 0.010416846029497107,
      "easy_mean": 1.0501595042623266,
      "hard_mean": 0.967079920141916,
      "hard_delta": -0.08307958412041061,
      "utility_gap_vs_simple": -0.0964505345209119,
      "is_pareto_utility_adapt": false,
      "is_pareto_utility_robust": false,
      "siq_score": 0.9072887938385802,