metric,n1,n2,mean1,mean2,mean_diff,tstat,pval,cohen_d,ci_low,ci_up
warmth,11,14,5.636363636363637,4.857142857142857,0.7792207792207799,2.5321605869252872,0.018621780986293964,0.9896203920353139,0.22077922077922008,1.350649350649351
competence,11,14,5.818181818181818,3.9285714285714284,1.88961038961039,4.587995203504464,0.0001379293857597557,1.8284301581293296,1.1298701298701292,2.643019480519478
trust,11,14,6.181818181818182,4.428571428571429,1.7532467532467528,4.265074109603092,0.00033008037077802803,1.6162311270548588,0.9740259740259747,2.5259740259740258
