{
  "generalization_score": {
    "greedy_baseline": 1.1609933035714284,
    "social_baseline": 1.0409375,
    "random_baseline": 1.0299479166666667,
    "simple_mtom": 1.131145534357589,
    "bayesian_mtom": 1.0447645495331257
  },
  "robustness_index": {
    "greedy_baseline": 0.8658187376066188,
    "social_baseline": 0.4941323924886397,
    "random_baseline": 0.7477929752820635,
    "simple_mtom": 0.8007088961462859,
    "bayesian_mtom": 0.7974740164001302
  },
  "adaptation_speed": {
    "greedy_baseline": 0.010833333333333361,
    "social_baseline": 0.12016666666666667,
    "random_baseline": 0.07166666666666666,
    "simple_mtom": 0.010631458333333343,
    "bayesian_mtom": 0.0647168789051149
  },
  "cross_task_transfer": {
    "greedy_baseline": 1.2112100965107648,
    "social_baseline": 0.9653021442495127,
    "random_baseline": 0.9963976945244957,
    "simple_mtom": 1.1543399015896085,
    "bayesian_mtom": 1.0571108336737534
  },
  "adaptation_advantage": {
    "greedy_baseline": 0.004166666666666652,
    "social_baseline": -0.040416666666666684,
    "random_baseline": 0.008749999999999925,
    "simple_mtom": -0.0583458333333331,
    "bayesian_mtom": -0.02067659691950019
  },
  "easy_hard_stats": {
    "greedy_baseline": {
      "easy_mean": 0.8675000000000002,
      "hard_mean": 0.8716666666666668,
      "delta": 0.004166666666666652
    },
    "social_baseline": {
      "easy_mean": 0.27458333333333335,
      "hard_mean": 0.23416666666666666,
      "delta": -0.040416666666666684
    },
    "random_baseline": {
      "easy_mean": 0.5700000000000001,
      "hard_mean": 0.57875,
      "delta": 0.008749999999999925
    },
    "simple_mtom": {
      "easy_mean": 1.1065,
      "hard_mean": 1.048154166666667,
      "delta": -0.0583458333333331
    },
    "bayesian_mtom": {
      "easy_mean": 1.026713637024121,
      "hard_mean": 1.0060370401046208,
      "delta": -0.02067659691950019
    }
  },
  "bayesian_vs_baselines": {
    "greedy_baseline": {
      "delta_all": 0.15939232109579338,
      "delta_harsh": 0.13918334677419342,
      "delta_unpredictable": 0.15364983616681183,
      "delta_harsh_unpredictable": 0.134370373437954
    },
    "social_baseline": {
      "delta_all": 0.74868398776246,
      "delta_harsh": 0.7309541801075268,
      "delta_unpredictable": 0.7884831695001452,
      "delta_harsh_unpredictable": 0.7718703734379542
    },
    "random_baseline": {
      "delta_all": 0.44949648776246,
      "delta_harsh": 0.42928751344086025,
      "delta_unpredictable": 0.44656650283347854,
      "delta_harsh_unpredictable": 0.4272870401046208
    },
    "simple_mtom": {
      "delta_all": -0.09036184557087346,
      "delta_harsh": -0.036802069892473366,
      "delta_unpredictable": -0.09575308049985476,
      "delta_harsh_unpredictable": -0.04211712656204614
    }
  },
  "bayesian_significance": {
    "greedy_baseline": {
      "easy_p_value": 1.8999788401015044e-34,
      "hard_p_value": 1.877708103903576e-27
    },
    "social_baseline": {
      "easy_p_value": 2.8266448465121286e-280,
      "hard_p_value": 5.67022523959564e-254
    },
    "random_baseline": {
      "easy_p_value": 4.083329989897672e-158,
      "hard_p_value": 8.764226755351987e-140
    },
    "simple_mtom": {
      "easy_p_value": 4.488826464418431e-07,
      "hard_p_value": 0.0023122412582682046
    }
  },
  "siq_by_agent": {
    "bayesian_mtom": {
      "siq": 0.7928661799279321,
      "social_alignment": 0.7243234036383734,
      "theory_of_mind_accuracy": 1.0,
      "cross_context_generalization": 1.0,
      "ethical_consistency": 0.4471413160733549
    },
    "greedy_baseline": {
      "siq": 0.6186288879210085,
      "social_alignment": 0.5626726190476192,
      "theory_of_mind_accuracy": 0.8845320082666667,
      "cross_context_generalization": 1.0,
      "ethical_consistency": 0.0273109243697479
    },
    "random_baseline": {
      "siq": 0.8622585320764984,
      "social_alignment": 0.6502666666666668,
      "theory_of_mind_accuracy": 0.9102992825333334,
      "cross_context_generalization": 0.9963976945244957,
      "ethical_consistency": 0.8920704845814978
    },
    "simple_mtom": {
      "siq": 0.6495443977591036,
      "social_alignment": 0.5708666666666666,
      "theory_of_mind_accuracy": 1.0,
      "cross_context_generalization": 1.0,
      "ethical_consistency": 0.0273109243697479
    },
    "social_baseline": {
      "siq": 0.9266201114449877,
      "social_alignment": 0.8742386904761906,
      "theory_of_mind_accuracy": 1.0,
      "cross_context_generalization": 0.9653021442495127,
      "ethical_consistency": 0.8669396110542477
    }
  }
}